{
  "Create new customer from CSV" : {
    "transaction" : "Create new customer from CSV",
    "sampleCount" : 10,
    "errorCount" : 10,
    "errorPct" : 100.0,
    "meanResTime" : 4536.7,
    "medianResTime" : 2.0,
    "minResTime" : 1.0,
    "maxResTime" : 45349.0,
    "pct1ResTime" : 40814.500000000015,
    "pct2ResTime" : 45349.0,
    "pct3ResTime" : 45349.0,
    "throughput" : 0.2203516812833282,
    "receivedKBytesPerSec" : 0.4224770076792561,
    "sentKBytesPerSec" : 0.011426439722797586
  },
  "Search Customer" : {
    "transaction" : "Search Customer",
    "sampleCount" : 10,
    "errorCount" : 0,
    "errorPct" : 0.0,
    "meanResTime" : 327.0,
    "medianResTime" : 327.0,
    "minResTime" : 303.0,
    "maxResTime" : 345.0,
    "pct1ResTime" : 344.9,
    "pct2ResTime" : 345.0,
    "pct3ResTime" : 345.0,
    "throughput" : 27.397260273972602,
    "receivedKBytesPerSec" : 9.524828767123289,
    "sentKBytesPerSec" : 10.273972602739727
  },
  "Customer Login" : {
    "transaction" : "Customer Login",
    "sampleCount" : 10,
    "errorCount" : 0,
    "errorPct" : 0.0,
    "meanResTime" : 2194.2999999999997,
    "medianResTime" : 2216.0,
    "minResTime" : 1773.0,
    "maxResTime" : 2488.0,
    "pct1ResTime" : 2487.8,
    "pct2ResTime" : 2488.0,
    "pct3ResTime" : 2488.0,
    "throughput" : 4.012841091492777,
    "receivedKBytesPerSec" : 1.6968361256019262,
    "sentKBytesPerSec" : 1.1599618780096308
  },
  "Total" : {
    "transaction" : "Total",
    "sampleCount" : 50,
    "errorCount" : 19,
    "errorPct" : 38.0,
    "meanResTime" : 3187.56,
    "medianResTime" : 335.0,
    "minResTime" : 1.0,
    "maxResTime" : 45349.0,
    "pct1ResTime" : 2485.1,
    "pct2ResTime" : 41352.95,
    "pct3ResTime" : 45349.0,
    "throughput" : 0.9805844283192783,
    "receivedKBytesPerSec" : 1.5743742645616787,
    "sentKBytesPerSec" : 0.31872824328299665
  },
  "Customer List" : {
    "transaction" : "Customer List",
    "sampleCount" : 10,
    "errorCount" : 0,
    "errorPct" : 0.0,
    "meanResTime" : 329.8,
    "medianResTime" : 331.0,
    "minResTime" : 302.0,
    "maxResTime" : 344.0,
    "pct1ResTime" : 343.8,
    "pct2ResTime" : 344.0,
    "pct3ResTime" : 344.0,
    "throughput" : 28.90173410404624,
    "receivedKBytesPerSec" : 135.109962066474,
    "sentKBytesPerSec" : 10.753477239884393
  },
  "Create New Customer" : {
    "transaction" : "Create New Customer",
    "sampleCount" : 10,
    "errorCount" : 9,
    "errorPct" : 90.0,
    "meanResTime" : 8550.0,
    "medianResTime" : 364.0,
    "minResTime" : 300.0,
    "maxResTime" : 41359.0,
    "pct1ResTime" : 41357.9,
    "pct2ResTime" : 41359.0,
    "pct3ResTime" : 41359.0,
    "throughput" : 0.24044819543629325,
    "receivedKBytesPerSec" : 0.15993092374185483,
    "sentKBytesPerSec" : 0.1291704612397509
  }
}